{
  "task": "binary",
  "heldout_sites": {
    "random_forest": {
      "accuracy": 0.7299270072992701,
      "precision": 0.6767816091954023,
      "recall": 0.715406162464986,
      "f1_macro": 0.6844693432928727,
      "auroc": 0.8095238095238095,
      "auroc_by_workload": {
        "counting_loop": 0.7,
        "alu_heavy": 0.7232142857142857,
        "branch_heavy": 0.8673469387755102,
        "mem_intensive": 0.7420634920634921,
        "irq_test": 0.7301587301587301
      },
      "auroc_by_category": {
        "clean": null,
        "PC": null,
        "ALU": null,
        "Control": null,
        "Memory": null,
        "Decode": null,
        "RegFile": null
      },
      "confusion_matrix": [
        [
          24,
          11
        ],
        [
          26,
          76
        ]
      ],
      "feature_importances": [
        0.025698076578270324,
        0.008246206299710315,
        0.0033633320503427843,
        0.0020128506256313207,
        0.0,
        0.0,
        0.030239619953216085,
        0.026856875488451847,
        0.004739208953181672,
        0.004172365935531816,
        0.0022507389218993116,
        0.0,
        0.0,
        0.045317207267199316,
        0.009070894860155977,
        0.0036705697666004943,
        0.0024209845483183106,
        0.0,
        0.0,
        0.030244118238155152,
        0.05294182321313188,
        0.003868879544509905,
        0.005878875204538857,
        0.002640547412425216,
        0.0,
        0.0,
        0.0,
        0.009919380655648777,
        0.0010147038811342901,
        0.001008318613119936,
        0.0,
        0.0,
        0.0007220371293457605,
        0.003793447332831643,
        0.0015433603547337401,
        0.002577430895587669,
        0.0005984962658441281,
        0.0,
        0.0,
        0.0288322828434746,
        0.009531963602569487,
        0.002460385777179404,
        0.002322045933212799,
        0.0,
        0.0,
        0.027272534310257134,
        0.0332386697206474,
        0.003986158295954824,
        0.00691334615817689,
        0.0024774586082856433,
        0.0,
        0.0,
        0.008149205325711307,
        0.009063242795368501,
        0.0035769782868790173,
        0.002135569728911049,
        0.0,
        0.0,
        0.005212475276974407,
        0.009412710769826029,
        0.003474463202233048,
        0.0026083926950514697,
        0.0028074716532649757,
        0.0,
        0.0,
        0.011900611915188439,
        0.008387308507363248,
        0.004243380985925068,
        0.003096855853089065,
        0.0,
        0.0,
        0.005917429724374369,
        0.009558145469668369,
        0.0027868521890086055,
        0.003498553376436007,
        0.003294711452323197,
        0.0,
        0.0,
        0.0,
        0.004577811896832731,
        0.0007616791420645493,
        0.0015728233147823218,
        0.0,
        0.0,
        0.0004209739650802911,
        0.0,
        0.0009452856186782177,
        0.0006014618735809803,
        0.001512486265201611,
        0.0,
        0.0,
        0.008119408709732065,
        0.006522348731859718,
        0.0016660435845524122,
        0.0025779028503458597,
        0.0,
        0.0,
        0.005180336354674889,
        0.009343851133083959,
        0.0022823473089383663,
        0.003025668661750304,
        0.0019389901500041485,
        0.0,
        0.0,
        0.04224350916417494,
        0.010149556877735494,
        0.0030224146641244887,
        0.004151898926983502,
        0.0,
        0.0,
        0.028207916061581503,
        0.03637266800604865,
        0.0074209829333921964,
        0.004617043227079058,
        0.0047269744451376655,
        0.0,
        0.0,
        0.052677754474122956,
        0.007615355209502534,
        0.003348290189514766,
        0.006728784655001094,
        0.0,
        0.0,
        0.025752514213254134,
        0.052327176077977364,
        0.008162723323586167,
        0.004809024869412307,
        0.005965435100213242,
        0.0,
        0.0,
        0.0,
        0.0012129725990733984,
        0.00035584495003727933,
        0.0007353103914654607,
        0.0,
        0.0,
        0.002012668954748539,
        0.002151931286386033,
        0.0006160820062765526,
        0.0007508139884231436,
        0.001080906440721668,
        0.0,
        0.0,
        0.03192976053222324,
        0.00859011529131354,
        0.003678729874605806,
        0.004247022975914664,
        0.0,
        0.0,
        0.029239879476872618,
        0.0392576181735371,
        0.007242727381169718,
        0.0031336345154987285,
        0.0034449847348571477,
        0.0,
        0.0
      ]
    },
    "xgboost": {
      "accuracy": 0.7664233576642335,
      "precision": 0.6909965034965035,
      "recall": 0.6836134453781513,
      "f1_macro": 0.6870359794403198,
      "auroc": 0.7725490196078432,
      "auroc_by_workload": {
        "counting_loop": 0.6673469387755102,
        "alu_heavy": 0.7410714285714286,
        "branch_heavy": 0.8367346938775511,
        "mem_intensive": 0.7142857142857143,
        "irq_test": 0.6825396825396826
      },
      "auroc_by_category": {
        "clean": null,
        "PC": null,
        "ALU": null,
        "Control": null,
        "Memory": null,
        "Decode": null,
        "RegFile": null
      },
      "confusion_matrix": [
        [
          18,
          17
        ],
        [
          15,
          87
        ]
      ]
    },
    "logistic_regression": {
      "accuracy": 0.6788321167883211,
      "precision": 0.6602316602316602,
      "recall": 0.7092436974789916,
      "f1_macro": 0.6505102040816326,
      "auroc": 0.7914565826330533,
      "auroc_by_workload": {
        "counting_loop": 0.6571428571428573,
        "alu_heavy": 0.6964285714285715,
        "branch_heavy": 0.7602040816326531,
        "mem_intensive": 0.6329365079365079,
        "irq_test": 0.6507936507936508
      },
      "auroc_by_category": {
        "clean": null,
        "PC": null,
        "ALU": null,
        "Control": null,
        "Memory": null,
        "Decode": null,
        "RegFile": null
      },
      "confusion_matrix": [
        [
          27,
          8
        ],
        [
          36,
          66
        ]
      ]
    },
    "mlp": {
      "accuracy": 0.7883211678832117,
      "precision": 0.721302113078241,
      "recall": 0.7170868347338936,
      "f1_macro": 0.719123365146695,
      "auroc": 0.8126050420168068,
      "auroc_by_workload": {
        "counting_loop": 0.6979591836734693,
        "alu_heavy": 0.7321428571428572,
        "branch_heavy": 0.8214285714285715,
        "mem_intensive": 0.6825396825396824,
        "irq_test": 0.6507936507936508
      },
      "auroc_by_category": {
        "clean": null,
        "PC": null,
        "ALU": null,
        "Control": null,
        "Memory": null,
        "Decode": null,
        "RegFile": null
      },
      "confusion_matrix": [
        [
          20,
          15
        ],
        [
          14,
          88
        ]
      ]
    }
  }
}
