{
  "binary": {
    "holdout_workload": "irq_test",
    "results": {
      "random_forest": {
        "accuracy": 0.5689655172413793,
        "precision": 0.28448275862068967,
        "recall": 0.5,
        "f1_macro": 0.3626373626373626,
        "auroc": 0.6915151515151515
      },
      "xgboost": {
        "accuracy": 0.5775862068965517,
        "precision": 0.5569723277265328,
        "recall": 0.5318181818181819,
        "f1_macro": 0.49462078776562635,
        "auroc": 0.7003030303030304
      },
      "logistic_regression": {
        "accuracy": 0.5689655172413793,
        "precision": 0.28448275862068967,
        "recall": 0.5,
        "f1_macro": 0.3626373626373626,
        "auroc": 0.7356060606060606
      },
      "mlp": {
        "accuracy": 0.5689655172413793,
        "precision": 0.28448275862068967,
        "recall": 0.5,
        "f1_macro": 0.3626373626373626,
        "auroc": 0.7236363636363636
      }
    }
  },
  "multiclass": {
    "holdout_workload": "irq_test",
    "results": {
      "random_forest": {
        "accuracy": 0.13968253968253969,
        "precision": 0.3307437595517066,
        "recall": 0.34319852218684904,
        "f1_macro": 0.09307167864381795,
        "auroc": 0.5984289499676878
      },
      "xgboost": {
        "accuracy": 0.31587301587301586,
        "precision": 0.3180952380952381,
        "recall": 0.35795700192587354,
        "f1_macro": 0.20877383098076252,
        "auroc": 0.5980315768725891
      },
      "logistic_regression": {
        "accuracy": 0.1380952380952381,
        "precision": 0.34059164816273907,
        "recall": 0.34695201037613493,
        "f1_macro": 0.09144966394669633,
        "auroc": 0.6349537131258843
      },
      "mlp": {
        "accuracy": 0.10476190476190476,
        "precision": 0.03492063492063492,
        "recall": 0.3333333333333333,
        "f1_macro": 0.0632183908045977,
        "auroc": 0.6318174535107784
      }
    }
  }
}
