{
  "timestamp": "2026-05-31T12:05:37.738689",
  "binary": {
    "per_fold": {
      "counting_loop": {
        "random_forest": {
          "accuracy": 0.8015873015873016,
          "precision": 0.4007936507936508,
          "recall": 0.5,
          "f1_macro": 0.44493392070484583,
          "auroc": 0.6879702970297029
        },
        "xgboost": {
          "accuracy": 0.8015873015873016,
          "precision": 0.4007936507936508,
          "recall": 0.5,
          "f1_macro": 0.44493392070484583,
          "auroc": 0.6927227722772277
        },
        "logistic_regression": {
          "accuracy": 0.7142857142857143,
          "precision": 0.53125,
          "recall": 0.5283168316831683,
          "f1_macro": 0.5292163985469642,
          "auroc": 0.675990099009901
        },
        "mlp": {
          "accuracy": 0.8015873015873016,
          "precision": 0.4007936507936508,
          "recall": 0.5,
          "f1_macro": 0.44493392070484583,
          "auroc": 0.6746039603960395
        }
      },
      "alu_heavy": {
        "random_forest": {
          "accuracy": 0.5535714285714286,
          "precision": 0.2767857142857143,
          "recall": 0.5,
          "f1_macro": 0.3563218390804598,
          "auroc": 0.7216129032258065
        },
        "xgboost": {
          "accuracy": 0.5535714285714286,
          "precision": 0.2767857142857143,
          "recall": 0.5,
          "f1_macro": 0.3563218390804598,
          "auroc": 0.7680645161290323
        },
        "logistic_regression": {
          "accuracy": 0.6607142857142857,
          "precision": 0.6683870967741936,
          "recall": 0.6683870967741936,
          "f1_macro": 0.6607142857142857,
          "auroc": 0.7053225806451612
        },
        "mlp": {
          "accuracy": 0.5535714285714286,
          "precision": 0.2767857142857143,
          "recall": 0.5,
          "f1_macro": 0.3563218390804598,
          "auroc": 0.7079032258064516
        }
      },
      "branch_heavy": {
        "random_forest": {
          "accuracy": 0.6521739130434783,
          "precision": 0.7029478458049887,
          "recall": 0.7257657657657658,
          "f1_macro": 0.6498912705809257,
          "auroc": 0.6987387387387388
        },
        "xgboost": {
          "accuracy": 0.6273291925465838,
          "precision": 0.5648648648648649,
          "recall": 0.5648648648648649,
          "f1_macro": 0.5648648648648649,
          "auroc": 0.6576576576576576
        },
        "logistic_regression": {
          "accuracy": 0.5900621118012422,
          "precision": 0.7155172413793103,
          "recall": 0.7027027027027027,
          "f1_macro": 0.589666357738647,
          "auroc": 0.8010810810810811
        },
        "mlp": {
          "accuracy": 0.639751552795031,
          "precision": 0.7314814814814815,
          "recall": 0.7387387387387387,
          "f1_macro": 0.6396264279098487,
          "auroc": 0.8667567567567567
        }
      },
      "mem_intensive": {
        "random_forest": {
          "accuracy": 0.8141263940520446,
          "precision": 0.4070631970260223,
          "recall": 0.5,
          "f1_macro": 0.4487704918032787,
          "auroc": 0.6486301369863013
        },
        "xgboost": {
          "accuracy": 0.6988847583643123,
          "precision": 0.5134958071278826,
          "recall": 0.5141095890410959,
          "f1_macro": 0.5136926682289923,
          "auroc": 0.6367123287671232
        },
        "logistic_regression": {
          "accuracy": 0.6431226765799256,
          "precision": 0.548728813559322,
          "recall": 0.5724657534246576,
          "f1_macro": 0.5407597097737943,
          "auroc": 0.6357990867579909
        },
        "mlp": {
          "accuracy": 0.8141263940520446,
          "precision": 0.4070631970260223,
          "recall": 0.5,
          "f1_macro": 0.4487704918032787,
          "auroc": 0.6590867579908676
        }
      },
      "irq_test": {
        "random_forest": {
          "accuracy": 0.5689655172413793,
          "precision": 0.28448275862068967,
          "recall": 0.5,
          "f1_macro": 0.3626373626373626,
          "auroc": 0.6915151515151515
        },
        "xgboost": {
          "accuracy": 0.5775862068965517,
          "precision": 0.5569723277265328,
          "recall": 0.5318181818181819,
          "f1_macro": 0.49462078776562635,
          "auroc": 0.7003030303030304
        },
        "logistic_regression": {
          "accuracy": 0.5689655172413793,
          "precision": 0.28448275862068967,
          "recall": 0.5,
          "f1_macro": 0.3626373626373626,
          "auroc": 0.7362121212121213
        },
        "mlp": {
          "accuracy": 0.5689655172413793,
          "precision": 0.28448275862068967,
          "recall": 0.5,
          "f1_macro": 0.3626373626373626,
          "auroc": 0.7240909090909092
        }
      }
    },
    "summary": {
      "random_forest": {
        "auroc_mean": 0.6896934454991401,
        "auroc_std": 0.023635364481352287,
        "per_fold": {
          "counting_loop": 0.6879702970297029,
          "alu_heavy": 0.7216129032258065,
          "branch_heavy": 0.6987387387387388,
          "mem_intensive": 0.6486301369863013,
          "irq_test": 0.6915151515151515
        }
      },
      "xgboost": {
        "auroc_mean": 0.6910920610268143,
        "auroc_std": 0.044916087603306995,
        "per_fold": {
          "counting_loop": 0.6927227722772277,
          "alu_heavy": 0.7680645161290323,
          "branch_heavy": 0.6576576576576576,
          "mem_intensive": 0.6367123287671232,
          "irq_test": 0.7003030303030304
        }
      },
      "logistic_regression": {
        "auroc_mean": 0.7108809937412512,
        "auroc_std": 0.05597014386724821,
        "per_fold": {
          "counting_loop": 0.675990099009901,
          "alu_heavy": 0.7053225806451612,
          "branch_heavy": 0.8010810810810811,
          "mem_intensive": 0.6357990867579909,
          "irq_test": 0.7362121212121213
        }
      },
      "mlp": {
        "auroc_mean": 0.7264883220082049,
        "auroc_std": 0.07383948129316502,
        "per_fold": {
          "counting_loop": 0.6746039603960395,
          "alu_heavy": 0.7079032258064516,
          "branch_heavy": 0.8667567567567567,
          "mem_intensive": 0.6590867579908676,
          "irq_test": 0.7240909090909092
        }
      }
    }
  },
  "multiclass": {
    "per_fold": {
      "counting_loop": {
        "random_forest": {
          "accuracy": 0.32063492063492066,
          "precision": 0.10687830687830689,
          "recall": 0.3333333333333333,
          "f1_macro": 0.16185897435897437,
          "auroc": 0.6362537912830556
        },
        "xgboost": {
          "accuracy": 0.4444444444444444,
          "precision": 0.3444746924783222,
          "recall": 0.37138317006303806,
          "f1_macro": 0.3066458158965097,
          "auroc": 0.6310037881221328
        },
        "logistic_regression": {
          "accuracy": 0.3396825396825397,
          "precision": 0.3734141640991376,
          "recall": 0.35905425463181234,
          "f1_macro": 0.25609581664900577,
          "auroc": 0.6303217223594239
        },
        "mlp": {
          "accuracy": 0.32063492063492066,
          "precision": 0.10687830687830689,
          "recall": 0.3333333333333333,
          "f1_macro": 0.16185897435897437,
          "auroc": 0.6302101466721941
        }
      },
      "alu_heavy": {
        "random_forest": {
          "accuracy": 0.09841269841269841,
          "precision": 0.0328042328042328,
          "recall": 0.3333333333333333,
          "f1_macro": 0.059730250481695564,
          "auroc": 0.6262999807172899
        },
        "xgboost": {
          "accuracy": 0.09682539682539683,
          "precision": 0.03232644409114997,
          "recall": 0.3279569892473118,
          "f1_macro": 0.05885190545103714,
          "auroc": 0.6316530568886668
        },