{
  "timestamp": "2026-05-31T12:02:31.347936",
  "binary": {
    "exp_b": {
      "holdout": "irq_test",
      "accuracy": 0.6637931034482759,
      "auroc": 0.733030303030303,
      "n_samples": 116,
      "num_classes": 2
    },
    "exp_c": {
      "auroc_mean": 0.6875358020903188,
      "auroc_std": 0.06505773986098774,
      "per_fold": {
        "counting_loop": {
          "accuracy": 0.8015873015873016,
          "auroc": 0.6797029702970298,
          "n_samples": 252,
          "num_classes": 2
        },
        "alu_heavy": {
          "accuracy": 0.7053571428571429,
          "auroc": 0.6985483870967741,
          "n_samples": 112,
          "num_classes": 2
        },
        "branch_heavy": {
          "accuracy": 0.5527950310559007,
          "auroc": 0.7773873873873873,
          "n_samples": 161,
          "num_classes": 2
        },
        "mem_intensive": {
          "accuracy": 0.35315985130111527,
          "auroc": 0.5755251141552511,
          "n_samples": 269,
          "num_classes": 2
        },
        "irq_test": {
          "accuracy": 0.6120689655172413,
          "auroc": 0.7065151515151515,
          "n_samples": 116,
          "num_classes": 2
        }
      }
    }
  },
  "3class": {
    "exp_b": {
      "holdout": "irq_test",
      "accuracy": 0.10952380952380952,
      "auroc": 0.6004733516992081,
      "n_samples": 630,
      "num_classes": 3
    },
    "exp_c": {
      "auroc_mean": 0.6213755375493462,
      "auroc_std": 0.029695615184636166,
      "per_fold": {
        "counting_loop": {
          "accuracy": 0.3111111111111111,
          "auroc": 0.6203050029970595,
          "n_samples": 630,
          "num_classes": 3
        },
        "alu_heavy": {
          "accuracy": 0.12698412698412698,
          "auroc": 0.635157749808477,
          "n_samples": 630,
          "num_classes": 3
        },
        "branch_heavy": {
          "accuracy": 0.14285714285714285,
          "auroc": 0.6600688058434878,
          "n_samples": 630,
          "num_classes": 3
        },
        "mem_intensive": {
          "accuracy": 0.17142857142857143,
          "auroc": 0.5692188669705668,
          "n_samples": 630,
          "num_classes": 3
        },
        "irq_test": {
          "accuracy": 0.12380952380952381,
          "auroc": 0.6221272621271393,
          "n_samples": 630,
          "num_classes": 3
        }
      }
    }
  }
}