{
  "timestamp": "2026-05-31T12:05:37.738689",
  "task": "multiclass",
  "exp_a": {
    "random_forest": {
      "accuracy": 0.7431578947368421,
      "precision": 0.44915458937198066,
      "recall": 0.48959662760567735,
      "f1_macro": 0.46841315322690685,
      "auroc": 0.7150856649309792,
      "auroc_by_workload": {
        "counting_loop": 0.6307571673609409,
        "alu_heavy": 0.6356624123003433,
        "branch_heavy": 0.7209704293037626,
        "mem_intensive": 0.6904688910995572,
        "irq_test": 0.6223604886211598
      },
      "auroc_by_category": {
        "clean": null,
        "PC": null,
        "ALU": null,
        "Control": null,
        "Memory": null,
        "Decode": null,
        "RegFile": null
      },
      "confusion_matrix": [
        [
          0,
          6,
          29
        ],
        [
          0,
          62,
          40
        ],
        [
          0,
          47,
          291
        ]
      ],
      "feature_importances": [
        0.02580490133492122,
        0.006536076027868109,
        0.0026819564145147785,
        0.0015050998970106858,
        0.0,
        0.0,
        0.031437444947717885,
        0.034114471163640844,
        0.003746199194897853,
        0.005757146916293036,
        0.00227440512995456,
        0.0,
        0.0,
        0.04853867658986251,
        0.00869652025496996,
        0.0029714041018938115,
        0.0013097345674225297,
        0.0,
        0.0,
        0.030502753875902396,
        0.06332128621517598,
        0.003371057729361439,
        0.005582704012065819,
        0.002199171252637651,
        0.0,
        0.0,
        0.00021318791159513232,
        0.005051089793827091,
        0.001129183242356545,
        0.0010222464723557432,
        0.0,
        0.0,
        0.000738235206069275,
        0.002792566527888116,
        0.0010969438493228121,
        0.0020609722255339365,
        0.0007928242061803382,
        0.0,
        0.0,
        0.030620440954097546,
        0.009113180953680437,
        0.0019277311255300406,
        0.0012642552284151925,
        0.0,
        0.0,
        0.02759330919716095,
        0.03490319949176734,
        0.004240284054661859,
        0.004976943728412097,
        0.002316949480685558,
        0.0,
        0.0,
        0.009336567974290225,
        0.009553485267186341,
        0.0016114792280746315,
        0.0023091090713514726,
        0.0,
        0.0,
        0.005714598229320791,
        0.010000264902860455,
        0.002347179622380647,
        0.002433598872414438,
        0.001494469222391853,
        0.0,
        0.0,
        0.014248864860226456,
        0.007918154069260193,
        0.003435106850886255,
        0.0020466658557372975,
        0.0,
        0.0,
        0.006567171687460959,
        0.010235588077402658,
        0.0025842602863433766,
        0.0032512362842817204,
        0.0032433083228255795,
        0.0,
        0.0,
        0.0,
        0.005426729328312197,
        0.0010029307709593523,
        0.0018441624210892161,
        0.0,
        0.0,
        0.0006748468926196939,
        0.0,
        0.0014527296059255992,
        0.0010748760603579636,
        0.0008222814604149209,
        0.0,
        0.0,
        0.010013906042839978,
        0.00711413140121729,
        0.0017519891875147858,
        0.0021972878146968803,
        0.0,
        0.0,
        0.004707173556921722,
        0.009252288590029531,
        0.0029312216430146055,
        0.002613818986225216,
        0.001957860606429315,
        0.0,
        0.0,
        0.03985649269915727,
        0.010164231595110929,
        0.0033554861844738272,
        0.0023486185324500496,
        0.0,
        0.0,
        0.028563420419841473,
        0.037587262571855753,
        0.007983571419932584,
        0.00394682966810624,
        0.00320364773060142,
        0.0,
        0.0,
        0.05419110314136025,
        0.006695833922628968,
        0.0036201978504201214,
        0.0044094873174574944,
        0.0,
        0.0,
        0.02639962992097655,
        0.05610560763671714,
        0.008030461404709114,
        0.006002029209247182,
        0.00531668379462459,
        0.0,
        0.0,
        0.0,
        0.0015004327357087926,
        0.0005406966896895388,
        0.0006071031153906852,
        0.0,
        0.0,
        0.0015503873107633244,
        0.002662503980662133,
        0.0003095627620805805,
        0.0006106816863076988,
        0.0006594583663256319,
        0.0,
        0.0,
        0.025977036235227065,
        0.008626356529154373,
        0.0021268306229564366,
        0.002404301180311045,
        0.0,
        0.0,
        0.029497718633859606,
        0.03332902811195155,
        0.007854448740634512,
        0.004494158805070415,
        0.0040948031453209984,
        0.0,
        0.0
      ]
    },
    "xgboost": {
      "accuracy": 0.7578947368421053,
      "precision": 0.4690987404555244,
      "recall": 0.46455505279034687,
      "f1_macro": 0.4613796453728443,
      "auroc": 0.6902957884085645,
      "auroc_by_workload": {
        "counting_loop": 0.6111636581447902,
        "alu_heavy": 0.6397472259541225,
        "branch_heavy": 0.6961535850424739,
        "mem_intensive": 0.6705175363038981,
        "irq_test": 0.5986317362899641
      },
      "auroc_by_category": {
        "clean": null,
        "PC": null,
        "ALU": null,
        "Control": null,
        "Memory": null,
        "Decode": null,
        "RegFile": null
      },
      "confusion_matrix": [
        [
          0,
          3,
          32
        ],
        [
          0,
          48,
          54
        ],
        [
          0,
          26,
          312
        ]
      ]
    },
    "logistic_regression": {
      "accuracy": 0.6484210526315789,
      "precision": 0.4783488575310137,
      "recall": 0.5061602550290333,
      "f1_macro": 0.4803931457261652,
      "auroc": 0.7065701919967146,
      "auroc_by_workload": {
        "counting_loop": 0.6591792588962401,
        "alu_heavy": 0.6017639448673932,
        "branch_heavy": 0.6934154573043463,
        "mem_intensive": 0.6291986163882104,
        "irq_test": 0.588984345607837
      },
      "auroc_by_category": {
        "clean": null,
        "PC": null,
        "ALU": null,
        "Control": null,
        "Memory": null,
        "Decode": null,
        "RegFile": null
      },
      "confusion_matrix": [
        [
          5,
          9,
          21
        ],
        [
          17,
          70,
          15
        ],
        [
          41,
          64,
          233
        ]
      ]
    },
    "mlp": {
      "accuracy": 0.7936842105263158,
      "precision": 0.591743119266055,
      "recall": 0.46078431372549017,
      "f1_macro": 0.47552550076053296,
      "auroc": 0.7201263750073141,
      "auroc_by_workload": {
        "counting_loop": 0.6748448773448774,
        "alu_heavy": 0.6132277827536449,
        "branch_heavy": 0.7080342427564651,
        "mem_intensive": 0.667191223680187,
        "irq_test": 0.5831210327549008
      },
      "auroc_by_category": {
        "clean": null,
        "PC": null,
        "ALU": null,
        "Control": null,
        "Memory": null,
        "Decode": null,
        "RegFile": null
      },
      "confusion_matrix": [
        [
          0,
          0,
          35
        ],
        [
          0,
          39,
          63
        ],
        [
          0,
          0,
          338
        ]
      ]
    }
  }
}